name,address,phone,website,email,category,location,rating,reviews,hours,description
Cool Comfort Air Conditioning,123 Queen Street Brisbane QLD 4000,(07) 3234 5678,https://www.coolcomfort.com.au,info@coolcomfort.com.au,Air Conditioning,Brisbane,4.8,245,Mon-Fri 7am-5pm Sat 8am-2pm,"Expert air conditioning installation, repair and maintenance services for residential and commercial properties across Brisbane"
Brisbane Air Con Services,456 Grey Street South Brisbane QLD 4101,(07) 3844 1234,https://www.brisbanaircon.com.au,sales@brisbanaircon.com.au,Air Conditioning,Brisbane,4.6,189,Mon-Sun 8am-6pm,"24/7 emergency air conditioning repairs, installations and service for homes and businesses"
AirFlow HVAC Solutions,789 Bowen Bridge Road Herston QLD 4006,(07) 3357 8900,https://www.airflowsolutions.com.au,contact@airflowsolutions.com.au,Air Conditioning,Brisbane,4.7,156,Mon-Fri 7am-5pm,"Professional air conditioning design, installation and preventative maintenance"
Chill Zone Air Conditioning,321 Brunswick Street Fortitude Valley QLD 4006,(07) 3254 9876,https://www.chillzone.com.au,enquiry@chillzone.com.au,Air Conditioning,Brisbane,4.5,127,Mon-Fri 8am-5pm Sat 9am-1pm,"Residential and commercial air conditioning specialists with over 15 years experience"
Cool Connect,654 Wickham Street Fortitude Valley QLD 4006,(07) 3215 4567,https://www.coolconnect.com.au,hello@coolconnect.com.au,Air Conditioning,Brisbane,4.4,98,Mon-Fri 8am-5pm,"Energy efficient air conditioning solutions for homes and offices"
Premier AC Service,987 Stanley Street South Brisbane QLD 4101,(07) 3846 2345,https://www.premierac.com.au,office@premierac.com.au,Air Conditioning,Brisbane,4.9,312,Mon-Sun 7am-7pm,"Award-winning air conditioning installation and repair services"
Climate Control Brisbane,147 Park Road South Brisbane QLD 4101,(07) 3256 7890,https://www.climatecontrolbris.com.au,support@climatecontrolbris.com.au,Air Conditioning,Brisbane,4.3,87,Mon-Fri 8am-5pm,"Commercial HVAC and air conditioning maintenance contracts"
FrostBite Air Con,258 Coronation Drive Milton QLD 4064,(07) 3457 1234,https://www.frostbiteac.com.au,bookings@frostbiteac.com.au,Air Conditioning,Brisbane,4.7,203,Mon-Sat 7am-6pm,"Family-owned air conditioning business serving Brisbane for 20+ years"
Eco Cool Systems,369 Edward Street Brisbane QLD 4000,(07) 3211 5678,https://www.ecocoolsys.com.au,sales@ecocoolsys.com.au,Air Conditioning,Brisbane,4.6,145,Mon-Fri 8am-5pm,"Sustainable and environmentally friendly air conditioning solutions"
ThermoTech Air,741 Given Terrace Paddington QLD 4064,(07) 3324 8765,https://www.thermotech.com.au,info@thermotech.com.au,Air Conditioning,Brisbane,4.5,112,Mon-Fri 7:30am-5pm,"Air conditioning repairs, maintenance and new installations"
SnapFix AC,852 Sandgate Road Nundah QLD 4012,(07) 3356 2341,https://www.snapfixac.com.au,service@snapfixac.com.au,Air Conditioning,Brisbane,4.2,76,Mon-Fri 8am-5pm Sat 9am-12pm,"Quick and reliable air conditioning service and repairs"
Advanced Climate Solutions,963 Logan Road Greenslopes QLD 4120,(07) 3345 9876,https://www.advancedclimate.com.au,contact@advancedclimate.com.au,Air Conditioning,Brisbane,4.8,234,Mon-Fri 7am-5pm,"Full range of air conditioning services from design to installation"
BreezeBay Air Conditioning,147 Main Street Wynnum QLD 4178,(07) 3348 5432,https://www.breezebay.com.au,enquiry@breezebay.com.au,Air Conditioning,Brisbane,4.4,103,Mon-Fri 8am-5pm,"Local air conditioning experts for the eastern suburbs"
Cool Breeze HVAC,258 Vulture Street South Brisbane QLD 4101,(07) 3844 3456,https://www.coolbreezeHVAC.com.au,office@coolbreeze.com.au,Air Conditioning,Brisbane,4.9,289,Mon-Sun 8am-8pm,"Premium air conditioning installation and maintenance specialists"
QuickCool Services,369 Coorparoo Road Coorparoo QLD 4151,(07) 3368 7890,https://www.quickcool.com.au,bookings@quickcool.com.au,Air Conditioning,Brisbane,4.3,94,Mon-Fri 8am-5pm,"Same-day air conditioning repairs and service calls"
